﻿<?xml version="1.0" encoding="utf-8"?>
<data>
	<channel>
		<item>
			<link>http://www.ruochi.com</link>
			<image>images/image1.jpg</image>
			<title>Bell Tower,Xi'an,China</title>
		</item>
		<item>
			<link>http://www.ruochi.com</link>
			<image>images/image2.jpg</image>
			<title>Greater Wild Goose Pagoda,Xi'an,China</title>
		</item>
		<item>
			<link>http://www.ruochi.com</link>
			<image>images/image3.jpg</image>
			<title>Terra Cotta Warriors,Xi'an,China</title>
		</item>
		<item>
			<link>http://www.ruochi.com</link>
			<image>images/image4.jpg</image>
			<title>The Forest of Steles ,Xi'an,China</title>
		</item>
		<item>
			<link>http://www.ruochi.com</link>
			<image>images/image5.jpg</image>
			<title>The Qian Tomb,Xi'an,China</title>
		</item>
	</channel>
	<config>	
		<roundCorner>0</roundCorner>
		<autoPlayTime>8</autoPlayTime>
		<isHeightQuality>false</isHeightQuality>
		<blendMode>normal</blendMode>
		<transDuration>1</transDuration>
		<windowOpen>_self</windowOpen>
		<btnSetMargin>auto 5 5 auto</btnSetMargin>
		<btnDistance>20</btnDistance>
		<titleBgColor>0xff6600</titleBgColor>
		<titleTextColor>0xffffff</titleTextColor>
		<titleBgAlpha>.75</titleBgAlpha>
		<titleMoveDuration>1</titleMoveDuration>
		<btnAlpha>.7</btnAlpha>	
		<btnTextColor>0xffffff</btnTextColor>	
		<btnDefaultColor>0x1B3433</btnDefaultColor>
		<btnHoverColor>0xff9900</btnHoverColor>
		<btnFocusColor>0xff6600</btnFocusColor>
		<changImageMode>click</changImageMode>
		<isShowBtn>true</isShowBtn>
		<isShowTitle>true</isShowTitle>
		<scaleMode>noBorder</scaleMode>
		<transform>blur</transform>
		<isShowAbout>true</isShowAbout>
	</config>
</data>
        